c77ea913-c4a2-4ff6-b615-26028b375fda,CA,90035,Adamini,Wye,243.54
c117f14d-1322-45a9-9f9b-63db5105fd6c,WV,25389,Clausius,Melany,23.26
3153178c-a3fb-44d3-896f-f39da69fe826,AL,35895,Bakhrushkin,Obed,477.18
e4eb28e6-f960-49eb-8f5d-361df60f00c7,WV,25709,Dearell,Jerome,236.99
b5c32ded-e769-4c52-a553-e34b548280d0,OK,73114,Archell,Damiano,921.6
1a960f07-e7c8-44fa-bb27-47ae55d94ca5,FL,33605,Jaeggi,Daloris,88.88
d57e9aad-3cbf-4872-855e-457434888b28,WV,25711,Attiwill,Merwin,273.48
bfd12c89-a174-420d-83d5-7cff52d1c4f5,TX,76705,Denyagin,Misti,166.62
5159b645-2523-4359-b80b-d7dcc1e9b50d,GA,30066,Phizacklea,Minor,171.06
cd35010e-517d-416b-8cda-a960bbab6c3e,NV,89140,Tiesman,Ailis,858.58
88b45eea-baf8-460e-b41f-b43ff3a6cf80,CA,92822,Spread,Britteny,538.11
e297a623-bb01-4622-96f6-c08c355cf410,LA,70607,Loude,Kipp,628.66
696624fd-01c9-40be-b19b-4104df9fed69,AK,99790,Lippett,Louisa,792.74
f1d3a9d9-fd81-4be9-a4b9-3796f5638ab4,OR,97255,Pignon,Noemi,366.68
82aa5029-98b8-40c9-b5b3-d03385a945c4,MN,55172,Major,Jana,658.11
2ff795b5-3717-4db2-aceb-0708f34da914,TX,77065,Trahair,Sancho,886.75
69bc89af-6bec-4fff-a152-b178c11b1125,WA,98166,Donner,Revkah,791.22
3af26f49-6939-4a42-ab34-e63acec5b7b2,MI,48295,Mangon,Klarika,470.36
024924b8-0da4-4724-9bc3-3359ba58045b,OK,74108,Jaquin,Tadio,74.25
78d1d1b0-5318-4e70-a8e8-ae498934d1f4,NY,10105,Waddams,Hiram,995.41
08dbdb52-066a-4f9d-9549-4a4e5cac79fd,FL,33615,Keaton,Lettie,444.71
5ae37f72-2c03-4001-9cfb-fcdcb5a37c9c,OH,43656,Calendar,Temp,418.14
c6482ffd-9677-4b1c-b136-1351c6abf0fb,MN,55487,Willacot,Ninnetta,226.8
231de1c5-1b8f-4109-99e4-d7e2cb8966c9,TX,77206,Brockton,Jolee,1.35
42411a6b-f01d-48c2-961c-64afe42d81be,MA,2283,Crowne,Claudetta,707.03
b10788ac-4404-479c-a9f6-eb3f5a76c24c,GA,30195,Plewright,Brendon,203.67
173659aa-49a2-4b2e-92c5-51159435a52d,NJ,7505,Wansbury,Stefanie,1139.77
e2afb437-bf14-4c51-80a2-653459362d91,CA,93786,MacCafferty,Arch,852.43
a1be9fad-1a89-4eee-a980-c50864cd3849,NY,10305,Battabee,Marsh,690.61
211a9dbb-b2c9-4773-9742-403b8ea98987,AZ,85271,Blissitt,Travers,999.01
8145eec8-e11c-4bf2-adb8-dee25c099dd5,PA,19196,Kleiner,Bryn,4.47
741b4881-2d57-496a-90ed-ccd3945f3692,AZ,85737,Palfery,Gus,560.76
d6151f74-0e79-42cd-9e52-718d2843f2be,FL,33436,Goudge,Frasquito,929.51
8b0b1c5e-8c99-4289-aeaa-472300f044c2,OH,45271,Drain,Konrad,286.5
76462612-6b0e-4b67-b335-baa7b4798521,KY,40215,Simper,Ad,923.38
005b6837-4ba4-4b3a-9e2f-ace11b3dd2ac,CA,95894,Youings,Reyna,554.99
ef2d9e53-d480-44c2-966a-cf51880f3b3a,OH,43610,Puttergill,Ketti,978.34
9966be5f-f142-4534-b452-fe52e618832f,MO,63169,Verdun,Clayborn,129.55
62325f0b-1106-44de-b943-8714bdb82a89,NJ,7544,Hibbart,Perri,426.8
9a0ffbe8-d63f-4580-9b00-0bd08f47e122,FL,33633,Budik,Suzette,898.99
658406c6-8279-4fb9-bb2a-0adc1b556831,CA,91199,Borth,Giff,172.03
e8b2ed74-5d6a-4dda-a58e-8c46f1f15a0f,TX,77228,Glandon,Hyacintha,466.59
8a7ce658-6ee6-42ce-932d-315975d3dee8,OK,73190,Fidelus,Ciro,400.77
26ca7602-0db9-4194-bd37-bc195a89e852,TX,78769,Mossdale,Hilde,556.74
f5212802-b71f-4341-beb7-a60355359fc6,IN,47705,Rigts,Roch,350.17
80e17666-2da7-442f-ae3d-03e4b4e51c24,VA,20167,Stenett,Brittany,761.49
e6ed3cda-5d36-43b3-8a21-eddbe92ce866,NY,10454,Dibdin,Alwyn,625.69
b8208188-318c-40dd-be79-b503dbd9e606,LA,70116,Whimpenny,Kathleen,873.61
1eff41da-9ae3-4a45-861d-d74630760caf,OH,43268,Fealy,Alfred,235.58
dbdc9f13-ee68-43b8-9ca1-2f1e6fb2324b,OH,44485,Schrinel,Malchy,390.44
17c52ea6-bc08-4645-9b34-7d94da9aa075,TN,37235,Bleasdille,Griffy,612.79
f2b97c12-e852-40eb-a669-28be35b22b60,OH,45490,Sanchez,Minnnie,90.57
f01dafa4-fb63-4aa2-9d63-f888de90a575,TX,88589,Revie,Reilly,214.96
e9b0aa31-445b-40eb-ae9a-3894219e32f3,DC,20551,McClements,Kim,793.83
14d94e66-f79f-4184-b58a-30e324c40979,CO,80255,Ballaam,Zared,71.77
62edfc5f-bf11-499b-990f-8f47ef5ec9d8,WA,98405,Kopta,Kirby,882.28
c7cc8135-3f0f-4c1f-9c5d-a98b3091404d,TX,77090,Orknay,Townsend,698.21
880c20d6-7da3-4d31-baf2-3cd9ac3b8ba7,NC,27615,Kopta,Winny,858.1
231b6270-86e4-49a3-9a4b-7ca80e81e8d0,FL,34210,Fanton,Wyatt,623.71
82ff997a-ab2e-4138-a66a-e617388f4168,NJ,8638,Tulloch,Bendicty,512.48
345e96bc-198a-4d3c-9322-fd0d30bbca79,TX,77493,Benko,Michaela,574.04
ac4fd7bf-02ec-4df5-973d-98c49219064b,LA,70810,Trett,Bronnie,408.11
260b957f-ede5-42f5-8cdf-840cd6dcad8a,CA,94297,Longman,Amby,123.66
57a43fa8-d7bc-40f3-95ca-c55d6c6c7197,NC,27690,Poynor,Dael,343.56
0dca3f5c-cbce-4fb4-bd4e-1ebe34d7f76f,WV,25389,Isacq,Pansy,942.88
2135df7b-a4cf-4a57-9c76-987b20ece1c7,IL,60604,Girardez,Shay,373.31
0b0c7c7a-526d-4d39-b64f-7b9d7a7f33cf,CA,92105,Dradey,Lazar,261.31
6f19ad2b-a5cb-4b95-9eda-5718cebe82a7,CA,93786,De Malchar,Keefer,640.84
4ddac301-9654-412f-b0b4-88d83adaec8a,IL,60691,Spurnier,Benson,341.69
77bda9ad-c9c5-4518-be10-78370d2862c6,CA,93794,Imesson,Devon,177.39
65a7d63c-28ad-480c-8178-7c671f02837d,IA,51105,Breffit,Justinian,423.15
bdd89a9f-2022-4d7a-8e97-8638119f2d4b,FL,32813,Chalice,Ainsley,12.44
31a29c8f-a35e-40d5-a375-b147c8d38f8f,DC,20456,Borrell,Claudie,403.99
ce62f6f2-51bf-4fd8-8468-73004c060945,MO,63110,Doyle,Cointon,55.8
356f393a-29a4-40d0-97e3-e5a9a0c53bc8,LA,70129,Tapsfield,Waverley,495.87
46bafa40-ebdf-407e-a31b-db515cb32baa,NJ,7195,Carreck,Lancelot,214.39
28a6a878-1e3c-4873-bd19-3c47e06a36ac,IN,47905,Rigmond,Tiebold,235.23
1b508f7b-8522-42d7-84f2-78070dfb25d8,IA,50310,Caudle,Alex,352.14
2175556f-a9b8-4aad-b615-279a6de2c9de,PA,15210,Larham,Sanderson,49.96
278d6966-7f2f-4a35-8f0a-e60ea4ada5d1,VA,23605,Phear,Rockwell,170.14
eba9435a-61d7-4009-92c9-435513c1a5e6,TX,78426,Laurentino,Olympia,514.01
29bdd111-f30b-4e64-af26-a5f387d5e2db,WA,98481,Cordey,Morey,125.56
f30119d3-160b-4331-98ad-25a6facffa8b,FL,33462,Dottridge,Base,606.52
e06570d6-4fa6-4c00-8eac-aba89e5b8e29,GA,30610,Boulton,Flo,480.5
7463e23c-d180-485b-8457-93157879eed2,WA,99215,Jacobowicz,Shay,576
260fd0dd-e324-49ed-9942-215c03493a53,WI,53779,Jedrzej,Tess,545.1
fb9952ab-f194-4628-a591-b378dd9f927d,TX,76129,Coot,Montague,1072.45
c8514e92-744e-43f0-af27-bde31a36732a,AL,35805,Lorenzetto,Laurie,857.48
76128b05-084f-4df3-b017-52aa2b390374,TX,77266,Frayne,Natty,545.2
3c1c509c-5358-44c7-a131-03e7f48ccbed,UT,84115,Hembery,Der,582.8
ab5d0d52-9060-4748-95b7-0a222b4fd647,FL,32505,Pervoe,Letizia,105.33
f69a9e09-cedf-4f84-abfa-e650ef54bfbf,WA,98687,Kanter,Desmund,625.56
b431a5ae-7790-492b-a83a-a5bd2f856a65,NV,89155,Arnaldy,Chrisy,842.24
49d5e1a7-c3ac-4582-8c07-a3726ff15ff6,MI,48224,Matthewes,Pearce,102.3
32e840e8-b53f-4121-b668-1b28e85b83b4,DC,20503,Egerton,Georgine,994.55
76f1b789-6326-4d02-bfec-f48fa3f8f0ba,ID,83711,Faire,Carleton,15.16
eecc4eab-4c5e-48af-b813-a1e934d55a45,DC,20425,Eynon,Grete,924.07
d34da027-3202-43c0-916b-83b091c92e15,AZ,85077,Kingscote,Terry,867.66
2df6b5fe-155e-4cd2-8785-b1bc9a9336ef,MS,39210,Froome,Damara,905.04
1241ebfa-9587-4295-a1a9-76c44b8f8310,FL,32204,Dureden,Tull,505.61
c6ee2813-aeb2-4e9f-9a23-36730c25a3b7,OH,45426,Cremins,Denny,689.13
bf75381c-a411-41e6-8307-6721d56f9a5c,TX,76192,Smails,Tildy,648.52
8a18fa53-4e68-46ca-ade6-ebd09c4a560a,MD,,Deniseau,Sterling,835.22
e60ce25e-2fb1-41d8-aa2b-ca9c7c44018e,NY,10060,Attack,Dolorita,732.23
cb2afb08-e595-4231-be74-814ca19e3234,CA,93750,Tongue,Gisela,716.72
ee7360f4-219e-43cb-baeb-6958f60a6d09,CA,95838,Edlin,Becca,80.75
632a6e5d-9128-4254-be26-efacfa7594b1,NY,10045,Lockett,Glenine,676.13
fcaeb5da-d030-49d9-aec7-3f0ee42164d7,FL,33245,Hutcheon,Toddy,306.21
ef8fbd4d-c9a2-4904-a90b-b42526d454b6,TX,75216,Cargenven,Meade,353.07
56851f36-e52d-4ac1-a22c-cf0aae3b362e,TX,75260,Ivoshin,Bernita,572.02
b03b3afe-4739-481c-8372-2247b17b3523,SC,29424,Cuseck,Rivalee,424.5
60904be5-ccfb-406c-8479-168788ce4532,OH,44705,Attwill,Douglas,485.04
b22c7371-5447-420d-bb69-7057bc05a894,MD,21203,Shimuk,Bunni,176.06
eb915812-eb24-4cb7-97a6-773e61a98aa6,TX,75705,Gascoigne,Kimbell,788.04
acf04298-64d7-4c32-bd69-4df392d14f4d,DC,20337,Michell,Dominique,564.1
875f467f-3d7d-4b17-b536-878830009f60,TX,75246,Conlaund,Ynes,924.95
feb7ae8f-d0b0-4d4a-8af7-9f214fb8c7b3,FL,33436,Bashford,Enrique,793.54
8d029c4b-a7b9-423d-a4ec-9daf260dd9e7,GA,31205,Billows,Hercules,566.89
cf6edc63-a285-4c3b-a10c-cb41899be042,NY,13224,Hamelyn,Giulio,647.4
86986dd5-c04c-4bc0-b1ec-65d999550234,FL,34985,Trill,Sandor,286.4
0bd4b8c0-429d-4922-a8c8-c5e52bf3b07c,NV,89178,Howchin,Rosalyn,185.47
1d540013-96da-479a-a806-d444d6a9beeb,DC,20226,Fennick,Kimball,1131.64
ab4bab24-9945-473e-b253-75bad5a7cb00,AL,35244,Kleiser,Perl,822.17
4cbfc8de-4f1e-4563-a670-f6e6c02a74e4,CA,90831,Costen,Cyb,708.09
65982c8c-45b9-4d76-88b2-a0581f31a0d6,OH,43210,Whitmore,Abbott,572.42
6b859468-e577-41d0-9564-744fd5912504,NJ,8603,Skala,Gypsy,822.96
d4ecb8b9-1baf-465d-b4bf-2934857e66e9,TX,75367,MacCoughen,Timmy,448.43
a01fc40b-22cb-463d-9cde-4435d56287ae,NY,11480,Janouch,Nicko,656.93
e335ce94-3244-4ad2-b9e4-f0cdacb77cd2,FL,32405,Blenkinship,Kassie,747.2
21219acb-aead-416c-b061-59b469369c4a,FL,33982,Bachelor,Lionel,82.62
218c8cb6-5a8e-42b9-b6e2-2754121e2d3d,CA,90094,Le Galle,Angele,996.4
4cd6817d-8d4e-4c0c-b2cf-f1885d16523b,NJ,7104,Birnie,Vivianna,49.95
5bc5141e-0ffe-4518-b7bf-034169ba757e,DC,20226,Whopples,Philipa,295.18
f656c461-8d75-4b6a-a73f-af0305188fd4,CA,95194,Petracco,Allis,787.24
7146ec98-4f6e-49ae-af60-6b731a5f9c79,WA,98664,Scurry,Ossie,339.62
9cef8e3b-9790-494e-8db4-c323952031cf,CA,92153,Scurr,Brnaba,162.68
8a65e2ae-4678-439f-821c-393499d179fa,FL,33134,Eykelbosch,Missie,74.43
cafc7741-9da4-40ed-a063-2d96f3a6a66e,TX,88519,Akehurst,Meggie,353.19
b47062a5-e669-4a4a-82ae-bbd8e1ba53e0,TX,78769,Sharpling,Maura,307.14
8c8889d6-cee1-4044-97d8-8be4644ae575,TN,38188,Putnam,Bennett,574.36
3c53c303-7889-4168-87e7-6aa19fa7eb0e,GA,31410,Fulford,Mark,802.95
48c8c46c-ec74-4bc1-833d-0bb7826f0dd6,WA,98687,Miguel,Glad,839.03
25584608-9a51-4218-96d8-ae7a83b4ead9,CA,94975,Clothier,Ibrahim,52.82
1d63ce57-c0c0-4ec1-a1b4-4f8a33657e57,IL,62723,Moland,Humfrey,568.54
d01fe767-c921-4687-84d9-5ea24bd64e03,WV,25321,Davioud,Mitchell,237.83
0bff5e62-c4df-479b-8598-b71e2f15d120,PA,15215,Slatter,Sal,558.99
2c87b496-f433-4ab5-bd0d-bfd89d292e06,VA,22156,Bunce,Dorelle,162.35
3ede5694-8891-4037-8210-18dd2ce65a34,PA,15250,de Keep,Ellwood,837.54
e80a7b08-a947-41ab-8d41-79aee27aff56,VA,23454,Shotter,Ricard,51.55
0f905409-5571-45f8-89ea-df3768570483,NV,89130,Daviot,Dody,18.07
dc6f6789-cc17-4769-9e59-b4041d80845b,TX,79118,Holyland,Issie,112.08
780d7f08-9c0e-435b-bb53-855b2cf808d5,CO,80044,Roads,Jeramey,340.05
41fd2c6a-8a47-4bfe-af31-13add1ba12d0,TX,78278,Konig,Avis,539.86
52f7b63f-34cb-4a39-bfc5-05f405cf9e2e,KS,66205,Caldron,Clarance,730.47
2db1ad17-a9cc-49c5-a239-7f41c75c98f6,OH,44710,Cohr,Edvard,674.88
b31b1ebf-fa60-462c-8bbb-a7b4e4481a9b,IL,61629,Glancy,Shalne,279.18
d9d7e76a-09c4-4e4c-a495-5935d9dcccba,WV,25775,McConnachie,Ailene,868.92
6331d6ee-1f97-476f-802c-f6869a63b9d9,CO,80150,Garn,Minni,454.81
40f5a23a-8522-4723-9e3c-c4cb3127afd5,MO,65218,Slay,Zabrina,798.63
7adcadfc-cced-47c5-8430-59c74dce59cb,WA,98424,Jeves,Tonie,283.06
de1b6887-b4c8-41d9-9c5b-ab9d3a059185,FL,32803,Bywaters,Winifred,393.44
36b2fc42-bd63-4255-89d4-532a94f95ca7,WI,53716,Marchetti,Georas,258.27
d7ba18ad-738d-44f5-85f9-57547979e7c1,AL,35215,Prestwich,Mortie,953.42
5c053233-acff-4e4b-b735-f3f2a44bfb8f,MI,48275,Henker,Barb,259.01
14ef61d7-eb27-4669-88d1-ebd0250506ce,FL,33034,Wassung,Jasun,916.33
0a0f469b-7be5-4460-9c87-8f57db7a5bfa,SC,29208,Stubbs,Samuel,105.36
15f2b319-3e83-492d-857c-dec711e76494,CA,,Andree,Nahum,98.93
027d4c55-db2d-42fa-bfd1-ee46b7ff8695,IL,61605,Rigeby,Kean,457.66
34cfd075-f6fa-4847-9f0e-3fecd3e1733c,NE,68179,Jorgesen,Iseabal,949.63
ea0b8250-9a54-46bd-82b8-9e5defb67680,AL,35263,Wynn,Jenilee,56.15
77777b3a-f11a-41e8-b7c1-d469a2d7b29d,IN,46620,Crowcher,Alley,849.73
590e8009-08b8-4a02-a65d-3b3467c4f830,NM,88006,Bruhn,Corly,323.22
da6d835a-e070-4288-b7c7-af7bf59bbbbe,CO,80044,Snaddon,Mamie,583.68
b68f4cea-103a-447f-9a2a-9b60315547b4,KS,66276,Kerrane,Lorianne,357.72
e9cf7a5c-c631-4ce5-996e-d60edfc0b358,LA,70154,Dobbins,Ferdinanda,82.79
1cf030e9-67ce-42bc-86dc-c03990eb2ef6,PA,17622,Schriren,Pascal,484.65
88ed351e-6490-44b6-bc11-d88dcde3035d,PA,15255,Cosgreave,Giuditta,101.82
39a5b34c-97d0-43c5-ac91-17f822138b9d,OK,74184,Ferriday,Menard,568.21
0e2472b0-1ee1-4513-9b47-ec0ef94cfc54,VA,23668,Bending,Bron,280.73
c7b2379f-e7c3-4686-bda7-90419bb72c74,NM,87505,Hancorn,Robers,610.63
781e9eb4-4b06-43da-ba1e-2b3f874aedf9,WI,53220,Gabbitas,Ophelia,435.97
f9dde5e5-c9b9-40d1-979c-821d57e3f514,FL,34949,Okey,Kennett,136.44
dfb9e615-3622-4fe0-9172-d4b6b312c1de,KS,66160,Mozzi,Hunter,858.99
647899a6-5c5f-44e6-bc70-317a1d429cbf,MN,55480,Matous,Christye,220.58
0ea36f0f-6748-486b-ac33-1c31d1590020,CA,94705,Tassaker,Shalne,399.01
b43c1fd8-0a9b-4b62-a3c7-c8802b7921a5,FL,33180,Gallegos,Prent,947.66
87638822-0c81-4bc2-aba5-21c95cae97a7,SC,29579,Souley,Barret,678.86
620f1796-8f14-45cd-abfc-5b84da17c63d,UT,84130,Hancock,Haleigh,614.73
32d67150-18a1-4f93-9828-9ac13e9db267,UT,84105,Cawthera,Beverie,824.4
beac7c7e-feb3-472e-a345-131e78b886b0,NV,89178,Ulster,Daphene,498.99
72d44608-264e-4050-8aa9-45b97f6deda0,TX,88541,Aujean,Far,528.33
8febc68d-a46e-473f-8581-bfc851e2aa85,CO,80150,Ivankovic,Bettine,187.22
ddcc2cfb-c845-44f2-a8d4-04cc154f1403,VA,23225,Calcut,Edward,110.56
6c48d9a3-6d51-402a-859a-1c93466763d6,NV,89036,Ashpital,Abbie,267.23
bfd86327-b23d-4c99-8a68-1cb42d2b0974,NY,12255,Spon,Em,699.89
fe6dfbec-dc6b-4aab-a5a8-60313969b0cf,PA,19093,Kennerley,Roanna,171.28
dd5a16af-e444-4ee2-9c80-088047dcff8b,DE,19714,Pettiward,Olag,851.22
a0060b2b-a6a1-45ec-8912-ea0f9272a32d,VA,23605,Licciardiello,Westbrook,944.96
3b27eb33-3355-4277-9fa2-3dc5735db3f7,CA,94154,Verni,Faustine,721.28
11e45f25-4a16-4bd5-b1a4-b52acfe0626e,GA,30316,McGriele,Ernaline,826.59
7413f676-3ae1-46bd-8eba-45fab42a333f,MN,55564,Dimitriou,Rad,37.26
0aa46b4b-c906-4118-90b2-7e10bb0355c9,AL,35236,Toll,Rriocard,612.34
40c8e959-8543-4497-a5d6-519974db5851,TX,78749,Dunaway,Phillipe,92.52
36ad77a5-0b48-4b83-ae3f-fffccafb2e43,MI,48098,Dellow,Vincenty,571.76
a7384c8b-46fa-40b0-a386-0430b5ffaf96,GA,30356,Heistermann,Joanie,909.71
7638c57a-c59d-4096-a4c0-c53c16d36f1d,NV,89706,Gramer,Helena,781.01
1aa1023f-ec78-421c-bdd6-668476e528ed,NY,10125,Greetland,Ashleigh,74.39
d783364f-20b9-48e7-ae7d-460089465de3,TN,37931,Morad,Gael,107.84
4ea2f45c-22d3-4d0c-82c9-4e294ac47f08,NM,87180,Airth,Lamond,5.29
1271673e-d80d-4c80-89f4-87934ff3aade,LA,70505,Foulser,Greer,872.21
4bed2ad5-fe66-4ef7-9ee0-4e949a0a3a38,NY,11054,Matejovsky,Gert,405.18
05b35e56-f26b-49ce-9584-19f952140d86,MS,39404,Hilldrup,Giuseppe,840.82
372c9a27-eda4-471e-b4ce-f2735c39fa05,NY,12325,Bittany,Pancho,1207.11
efc38be8-7a12-4845-b4d1-6ed6d434ee68,DC,20591,Hugueville,Bar,446.04
7fcddfba-ba74-4c5e-9fc0-500bbc359bdc,TN,38126,Hanssmann,Alysia,11.41
65a50b12-00ce-44ac-86c4-696f0f6130e2,GA,30316,Tolussi,Jaine,591.99
4351313f-8854-47b9-8778-a8718c0f4ce3,IN,47747,Bodycombe,Russell,468.39
0a9fe182-0598-43fb-ae6c-089dd0101906,TX,79410,Dargue,Mitch,569.93
de63b5af-f00a-4d2c-923e-d2fc260be940,DC,20599,O'Corr,Mickie,202.87
a3f5a11e-041d-4ae2-9ced-b63dde687d4f,CA,94207,Bergin,Heidie,677.21
7bef71be-b739-4776-a10d-e9d104214f68,OH,44511,Stace,Virginia,950.16
d930a1c3-92c9-4dbd-87e3-186218920dad,CO,80915,Korpal,Diann,258.53
b3e3eee3-7322-4a55-943d-d08ec3543a03,OR,97216,Eller,Locke,979.4
c9566863-d89d-4959-a037-198d0b0f9ea5,MA,2453,Chapelle,Clyve,911.98
afaa9f29-4e08-4205-b13c-b1a65830e211,CA,90410,Renny,Ezmeralda,816.6
8ccc2f93-35bb-447d-a98d-007a389ae5b7,IA,52405,Matts,Oriana,579.28
8bd89630-6c3f-4c85-b829-a0d6cefa548b,AZ,85077,Whitehall,Jolene,175.98
37a8d11e-0452-4794-b9e4-9b3ef450179e,AL,36114,Altamirano,Kathryne,789.82
4d34d294-b449-4421-9695-e6a2a34f73bd,FL,33018,Dews,Brendis,646.17
1558e1fe-ef65-4780-a8ea-b26ba8232313,GA,30061,Carletto,Elsy,801.6
6de28ef8-beff-4ee9-9441-cee4d99e399f,CA,,Willbraham,Nicky,928.24
15ee36c7-bb38-4dfe-93e8-b2ca886e96b1,FL,32868,Piddlesden,Collette,988.72
87b0f479-3b08-425d-896f-326d10dbfc89,CO,80241,Cashell,Jelene,550.59
18e76fa3-4296-415c-af9a-6834c5c2d746,CA,92160,Spriddle,Alli,514.89
f2cd4a7f-c927-456a-b991-a15adee338e1,VA,20167,Phaup,Winnah,414.09
dcb51d6e-e982-45b8-a20c-0183b9873e1e,CA,93150,Wann,Arin,916.01
1709314d-c9e3-4ce6-aba4-57623ad63815,DC,20051,Rabidge,Desi,810.09
875a6de7-7989-45a7-9329-38c49b1a52d8,CA,90005,Shingfield,Wylma,63.63
317149dc-0703-436a-bcee-d01cd986a1ae,KY,40510,Lebbern,Rik,337.33
18506e31-de03-4229-878a-d59da510d46a,MI,48550,Henzer,Lanny,15.37
73d27208-e878-4fdc-9bc4-67574eba7d82,TX,76105,Corinton,Charyl,796.07
a683f651-fdba-4a63-be99-fe865e42a3c9,NY,14269,Rhydderch,Shantee,961.58
3696e6c9-d6ac-4843-b118-32c167ae889e,FL,34642,Lenoir,Kippar,201.24
ed8e2e6b-889b-4d1f-b614-de81a1a9818b,MD,20910,Petters,Florian,301.21
f46d5281-ba76-4012-91be-b45937a84dd5,WI,53215,Babar,Kynthia,415.79
b364ea87-f6e8-4dd9-a1e0-14cdad73b71b,FL,32225,Goard,Graham,485.08
b038cb3a-cc3e-4043-a2cc-d830c53bfdb6,TX,77090,Zmitrichenko,Burke,946.27
bcd5b64f-a1dc-40b9-b7b3-02aca517e77f,TX,75205,Tidey,Lavinie,556.46
3fab002a-b80c-4e16-8a5b-e447c950d6c1,LA,70505,Riggoll,Zora,571.6
a91b10d2-208b-4b6b-9391-36f2cc134c85,ID,83757,Meo,Emilio,748.63
79259971-d783-44af-8b6f-02b8e4423985,CA,95823,Caldera,Saxon,438.36
1af580d6-f939-40ec-8922-eb227a866c1a,KS,67205,Muckloe,Romy,840.64
87499850-107b-4107-a266-71af531818c4,MI,48956,Kinnin,Joannes,51.62
e54f99e1-9c9e-4c69-9933-c173294dc236,GA,30610,Kohneke,Brynn,178.17
245f8502-7eee-4ab9-b6f8-cc0ad47e6fe9,IN,47725,Haggerstone,Wadsworth,94.49
7d64f54a-4e05-4f50-b8cd-6b5eede3c190,OH,45254,Cornbell,Errol,936.2
f4687b14-f8e0-4d3b-94d0-28fb0dee8f52,VA,24020,Struss,Moe,352.59
d9ecd2dc-d913-430f-adaf-9d534957bc35,OK,73135,Udie,Rachael,785.16
efd5c6fd-689b-4389-9f93-36bf780ce87c,FL,32505,Colcomb,Cosimo,371.67
083f4c33-44c2-4c0e-84d3-23363588a265,TX,75353,Jeggo,Nappie,941.17
462a5a80-19b4-4267-9184-4c6809dd165b,MN,55423,Talby,Scarlet,862.4
291d75a6-3d99-4e75-8a1e-5fee1e2b92c9,TX,88589,Swatton,Curtis,193.03
72e501ba-0187-4dc8-8957-e2ece2406c56,CO,80150,Warren,Arron,464.84
5b46db5a-a35a-455b-83f8-33fbe8c3d8c0,AK,99599,Buddell,Coralie,92.44
ece714b9-7a05-4f76-b37f-23f2d13076a2,CA,94132,Morrant,Vania,216.74
c5440c4a-babc-43bc-a759-f5ba70b30641,MO,63104,Dryburgh,Daffi,210.5
7a960aea-ddb0-425d-b1c4-957c21e0cbb1,IL,62525,Layne,Andrea,570.15
f6b0f1cf-7052-49c1-bc95-45ebcd399791,TX,88525,Extill,Gerry,433.43
ce842e2e-4580-4a71-b1ec-7e300bbfae3b,IL,60697,Banfield,Phillip,601.82
7129a392-1226-4d54-b619-8f5e25d5a51f,OK,73179,Houson,Padgett,456.35
1505f1ab-7f5f-4e3a-8225-395b2a95f8f2,VA,24040,Cahalin,Charil,297.47
5b29a76b-9727-4680-b191-239fb62b7488,FL,34745,Cheer,Mab,1169.19
3e99404a-c949-4b9e-88c2-ca5b6bd95528,CA,95813,Reddel,Kale,433.94
f7b035aa-b6a7-4c9c-ad2c-029f68a4d873,CA,90050,Howland,Daryl,667.14
67b2ad66-22c1-46c6-9e0e-943412fdecbb,WA,98133,Filippo,Lorie,905.49
3175772a-cd91-4ee7-a2e1-4e835d368c52,WA,98405,Connock,Annis,665.91
cd88d157-26c7-4970-9726-5ca6d1ded46e,KS,67230,Currier,Thornie,477.9
03acde30-477d-442a-897e-ac184cb17f71,AL,36641,Bovingdon,Vlad,51.38
61dcdcb6-b67b-48a3-9fe1-8291c4160b7a,VA,22333,Smallridge,Abelard,919.14
c011219f-34ce-463a-99b0-c36ff4d3b775,FL,33758,Ansty,Eli,586.51
e1880e9f-7800-44f7-b30b-defadbbc747d,OK,73152,Andor,Lissie,1110.57
a087a341-850c-406e-b782-a991470a5de4,IL,62718,Langsdon,Guido,541.88
9839a600-3c7f-423c-9674-06b69b901fc9,MD,21265,MacRanald,Sheppard,38.11
4e6907e3-c128-4936-a8e2-a66110787b39,FL,33320,Merriday,Ingram,342.66
c29d9fec-e17c-4aee-9d56-b2e84bfcfe6f,MO,64160,Eldredge,Babara,991.15
351a6787-c10f-43a9-b3aa-99da9e666fb5,MI,49560,Rosenschein,Jabez,107.77
2c971dce-cdb2-4176-8501-7366b93d7d21,CO,80905,Mehaffey,Wayland,875.39
1989cd7d-46e4-4fb6-a25d-990a5350e397,KY,40591,Manger,Harrison,15.67
aae3aa82-d045-4306-83bd-bd0951f6ef2e,LA,71161,Picken,Cletis,189.97
25763f2c-84fe-4d01-9e1b-4cbe8790daf2,CA,90005,Zambon,Marietta,491.71
53c8d697-7b86-4f5c-a67b-d9bb5050f5ce,MO,63180,Pilger,Xever,921.17
c3a748df-2a5e-42db-ac60-ef2876a57f47,CA,91520,Norcutt,Tonye,141.91
13be1dd1-94e8-46f5-ad31-f64b2b11af2d,MI,48670,Blaksley,Flinn,1185.95
179aa16e-2f74-48d3-af8d-8e94fef868c3,NY,11431,Cleef,Garrick,431.69
06e6eaca-7874-4361-8077-fbac2298a557,NY,11431,Lamblot,Skip,942.37
bb7fb4eb-e5a4-4295-8386-ed17673e1396,PA,19610,Dennerley,Haroun,344.26
36fdd814-c230-4221-8ab3-b3b2570fbfb3,FL,34642,Fetherston,Kingsley,989.41
3b82d52e-84de-47a8-9c75-30515b7abdae,NY,10633,Mackleden,De witt,54.43
f47d2780-8d83-4ad9-81d7-fc4110c485f0,OH,44191,Spinola,Hamish,710.21
74b62e56-4077-4584-a785-83e9cdb02e61,TX,77705,Van de Vlies,Ethelda,354.82
3f91aeb7-e1ce-4f84-86ac-456219f97e10,CA,93740,Cargill,Marisa,36.85
f42b2729-bfb0-4d86-b010-752442662a75,WI,53225,Maleck,Basilius,467.76
2b11d313-ea84-46db-b98a-c74bc3af6a3f,NV,89166,Mallon,Raul,261.79
16ca2de5-5d37-465f-a857-087e5a2afbef,MO,65110,Barrowclough,Zed,350.68
f044f3f2-6375-4be0-8f4d-6e3850c03cf9,FL,33777,Perllman,Teddy,197.48
7fdb4b28-c6df-4d31-8064-e1b2c83859d6,NY,10165,Oldford,Wilhelmina,258.61
4c2f55cd-4ee8-40c5-b2c4-26521ef5e7f9,OK,73135,MacKenny,Vincenz,900.65
6588c8d8-e1b4-41e6-8483-7d272cb51836,MN,55428,Vispo,Sydney,533.49
bab6bbf5-8e8f-449d-9ed3-b87f6acf5dd7,FL,33305,Londors,Axel,225.11
cae576f0-8ccc-4245-9c38-9a6231d6c024,VA,24040,Frontczak,Parke,790.46
391c5b95-6d77-4821-8cf6-5c3eeac75c2a,CO,81010,Pickervance,Bennie,146.07
f562be67-b094-4955-aea4-782567573927,TX,77705,Pecey,Dyann,971.88
ee99ed7f-5e90-4285-b118-749d49b9d5eb,VA,23324,Abbotts,Faustine,785.86
8d118030-fd2d-4351-bf5e-0758350bd113,TX,88589,Pawelek,Laura,941.14
dd6c4e50-348e-4f8d-8a54-540217f191ec,DC,20062,Shipman,Rikki,673.97
9fe5d6f8-6183-4ee5-8f49-abeb042b2d33,NC,28278,Jerche,Gweneth,700.68
172370e2-c8f9-43a1-b61c-bcdd464231cd,CA,93094,Beeswing,Chad,935.56
89e2ac90-1404-43cf-b885-234cd1fe59ef,PA,15230,Ivanuschka,Lucie,686.29
faab193e-648f-455e-a006-a31b833e9e30,IL,60567,Bullar,Cleavland,931.58
ee128a4a-3520-4cb2-b980-cb7f1e83ceb8,IA,50320,D'Antuoni,Lloyd,233.72
8043552d-d9c4-4906-9daf-a32d4a7be96b,LA,70883,Monteath,Dione,79.84
913810cf-e0af-4e6a-a03c-77cb38693adf,TX,79923,Sansom,Connie,296.78
7d06f02f-5d35-445c-bf58-5032a8b623a9,CA,93399,Callam,Celinda,291.52
145dc79e-1a67-44ab-b9ee-40d551fd0694,AR,71914,Dinley,Isaiah,458.91
c6651a38-012a-4daa-84b7-12b72c70f7db,TX,76598,Kemmer,Jarrad,922.81
44ba8300-9356-46ae-829a-fffd8d163769,KY,40510,Kira,Lettie,353.18
84c68f34-4b34-4474-b291-c5e6db24532b,WA,98148,Carmo,Siegfried,430.48
7bf62a18-b9ba-4d38-90f0-4ff2046a0944,OH,45440,Coggon,Christabel,685.4
b68e12f0-1c08-45d4-bfd8-87a395ead7b6,SC,29416,Laphorn,Alphard,148.93
1fcf8745-8bfd-4ec8-9806-43dcf5bfa15a,CA,,Gotobed,Annabelle,778.62
cb06e683-b7cb-45df-a75c-3e351ffcb9f6,KY,40266,Lodin,Arlinda,521.99
21f93549-9677-4ec5-9d9f-d9236473cbe7,TX,79171,Brimmell,Britte,622.3
30e600c3-816a-4a36-8af7-9c7c6d2e9eb8,AZ,85099,Latchmore,Antonella,823.35
f1c403f7-5789-47f9-b51d-c1d30d8ff46c,TX,77228,Anthonsen,Raviv,726.12
3c01c0ff-bf2b-48e4-ae2b-78d7783a916b,CA,95219,Greenaway,Tove,100.45
8b1f8342-e019-4d65-9c81-0762ae182f18,CA,90040,Gallafant,Averill,19.23
497ef725-5cad-435f-ab50-337c398eb837,NC,28215,Polack,Reinald,342.86
13d15dc3-644c-4ae6-8ee7-1b38e0308825,OH,44760,Tayloe,Killian,606.65
4691a88e-a6a2-448c-80f5-3904eb6178ea,NC,28055,Teideman,Matthias,243.34
c0e42965-665b-4cc6-b4fd-360df30ef444,KS,66286,Cowap,Rey,195.46
ab15426a-1365-4608-93ec-9d0cd8bd84f9,TN,38126,Keneforde,Keen,177.14
56787148-09b4-4863-b56b-d1099b6aa020,KS,67260,Marchent,Reid,415.97
4c5d62ce-ba54-4d63-92ff-804ff5d22ec2,WA,98185,Caldecourt,Eward,137.72
d5984531-36a1-4033-a0cc-a6d15f562a09,AK,99790,Fearfull,Stephen,852.11
3653046d-d6fd-4e38-a275-81ff063b07d0,VA,23471,Renbold,Armin,799.4
4c20b7ec-a374-4ca4-aae1-80d1942ddcb4,NC,27264,Ardy,Cele,263.07
c3922cf4-fe1f-4790-aa09-371f6afd4314,TX,77240,Mallender,Nate,647.02
b4bd8e51-df39-4e17-b542-94ae76716a2e,TN,37665,Garter,Fred,338.03
4791861f-c299-4a85-ad22-b1dda7badcdf,NV,89130,Haggerston,Zolly,714.52
b93a692b-c204-468e-88a2-f7c87057284a,TX,79989,Brute,Brad,567.25
c214c632-7f67-4a54-937b-15bdc0a9e30f,OH,45414,Mirams,Mirilla,190.66
999f6426-8e17-40c0-bed8-a43e33dc21ec,OK,74193,Georgievski,Rickert,381.95
c8115e38-b931-4ee1-bdaa-38aa1f85938d,IN,46699,Ambrogini,Amelita,531.17
837c9969-112c-45c0-aa8b-60d61818dbd6,IA,50706,Pomfret,Candace,656.46
3022f96c-e4c5-4678-9e97-e5dd8dfb17a2,OH,45218,Chesterfield,Cull,614.62
6fa37097-80d7-4f76-9fc4-bccaa957b3c5,GA,30356,Kalf,Anthea,252.36
01888f5c-06e1-4145-9162-82c46bcb699d,LA,70616,Lurriman,Allister,153.01
e9eaf826-3fe9-436c-b7ca-35efc34216aa,AZ,85030,Selwin,Damon,391.31
57991e5e-987c-4949-9ddd-51228903a767,VA,20189,Dooland,Benedicto,464.86
68c097b5-dc39-4bc2-8637-b6db9efe9e8b,FL,32610,Gozzett,Friedrich,886.61
9d95f79c-cfbc-48cb-bd24-f51071853a93,FL,32314,End,Ive,126.12
1edffc0d-1fb1-440d-b025-31ede745084b,MD,20892,Dionis,Martyn,205.87
10869909-81d4-4a8b-9f28-0f5b819513ec,LA,70593,Quakley,Maryrose,333.06
61542f5f-882a-4ed7-8fb5-f45e84263004,OH,45223,McMinn,Tiff,794.66
a2f2feb5-725a-4d52-9f3b-d3d4602ae565,OH,43666,Endricci,Cassie,671.03
f47b6dc8-baf3-43b9-889c-70a3849fff1c,CA,90189,Aspinwall,Audra,358.14
f364ba7a-1de0-4fa1-893e-b4f6b355574c,CA,91606,Goodey,Melisa,459.29
4c99361e-7172-471a-a65a-86491e70c784,GA,30306,Jacobs,Ange,988.16
aa4281da-0a07-497a-8875-b92457eb56a3,OH,43605,Bagshawe,Irita,38.79
9e6d8f07-a52e-45af-9c53-65c7945632e8,UT,84199,Soeiro,Pammie,210.69
daf4de4b-7050-42e6-9c1a-30945d305ac8,KY,40233,Basillon,Mavra,354.44
d46e1ab8-641d-485e-902e-2b0ac35f7e88,FL,33034,Mayor,Miltie,21.64
988c276e-5f5b-4d1e-8252-da2517cb36e6,VA,24515,Bontoft,Findley,330.39
f6ac8f30-0232-488c-b533-18bd79f0acd4,AZ,85255,Spilsted,Clarey,311.72
e331e175-a15d-401f-937f-68c06e1a6d2e,IA,50369,Lovett,Briant,675.97
f446d81b-b908-452e-bcce-9e6e7a7e55bc,TX,77080,Kuhndel,Lisette,997.96
98987dfd-a23a-47dd-bb80-aa859b955ca6,MD,21405,Ladel,Westbrooke,388.19
17d82415-8a58-43b2-a75f-01f3dd51cb91,TX,77085,McDowell,Gael,538.1
bf6e6f90-265c-4a2f-bb89-d1846e887032,TX,76134,Jaffa,Violette,650.03
e6c5b656-8e57-40cf-8966-79c6856e1dee,TX,75287,Eadmeads,Sophie,925.86
53293015-8d20-4392-a6c4-3d0d5f1b5ac3,MO,63167,Challener,Misty,507.86
ddf80570-9a9e-44d1-9200-4df3f16d9150,FL,32835,Cuxon,Mei,418.58
3ccc50fa-5a2b-44f5-a7fc-17d7d92431bf,PA,17405,Buckler,Bernelle,657.41
7f8fc3dc-635e-4687-ae80-91f8c962fb81,MN,55123,Nouch,Adrianna,707.8
be73feef-ba76-4a52-849b-e8027ade3b04,NE,68531,Perrett,Ferne,848.66
8a3d6239-a713-46b8-a14a-ef7339c9b6bb,DC,20029,Clampe,Doretta,634.04
249dcf32-8b62-4b0e-971f-5128bef1287e,IA,50362,Liebermann,Halimeda,190.96
85a7c17f-8f0c-4755-84ce-1e77e754f01c,MN,55551,Wyborn,Lianna,792.73
8259a870-e95b-41a8-b079-c03fe1c40570,OK,74133,Josefer,Lacee,941.97
b45d0b35-0f45-4e49-8c92-645c3d57a031,CA,94142,Evered,Sophi,846.59
627d5a5f-e65f-47a7-aeba-20a5855de26e,MI,48267,Cushworth,Flory,707.17
978572a1-d51b-4d7b-9a51-a81cb5fb4598,IL,61825,McAsgill,Cinderella,627.42
fb8462ad-b688-41d4-bc20-596630fab619,NE,68134,Wickey,Alberta,274.38
c25e533c-e5ce-4be7-896f-461b2f3eeb2b,DC,20525,Niese,Efrem,10.24
592ae878-a799-4471-b82b-856fd24acc1f,CO,80209,Alessandrucci,Miriam,246.21
0cd8f1f3-bae6-4f2c-a645-fddc040d3dd1,IN,46634,Bettinson,Norean,755.18
85516eec-20e9-4c55-9c03-73a14a5a4ce3,GA,30245,Daws,Esme,226.4
2a7feea5-1bea-4c68-9a68-8efdcb4f09cd,NY,12227,Joul,Garwood,538.12
f21c5d1a-45f2-44e3-8b9e-7316f646a965,CA,92640,Wulfinger,Giraldo,856.36
ef455fd1-81d1-46b4-a273-bf3883ec79d9,MO,64142,Purcer,Dolley,144.93
ba769c90-273d-41a3-9b18-3e0566e141bc,TX,77299,Parfrey,Roselin,615.74
b4083c3c-6c86-4493-a57e-dc9184366d39,WA,98424,Stitt,Beverley,624.16
35e957f4-b7b9-4dd6-8e2f-d366255ee7ca,NY,11436,Fullicks,Jasun,739.94
2e466721-233c-4d0a-9cf8-ca0017eed03a,CA,95219,McCool,Marchall,572.11
e8a49d9f-a852-4206-913b-e5e3778afdff,CA,92862,Worms,Wilmette,772.81
22d3e1df-53af-4778-947f-daedaaafc285,CA,94291,Dell Casa,Rosamund,300.51
ba37fe12-15e8-4c37-9e95-dffa1f210852,MO,64504,Richford,Albert,802.53
442200ba-13ef-4261-a07a-140787f64351,CA,94154,Lepard,Caldwell,682.83
080e1121-7c1a-436f-af7f-6e7e490a6c1e,OH,45208,Gedney,Rochell,235.06
a0845840-ac21-482d-9e8a-a50c1d1411b0,AR,72222,Haig,Berte,973.54
d10a208e-f781-4b16-9dc1-802ac513c20f,FL,33633,Stannah,Raquel,715.47
b12d8d3b-3102-4daf-820a-6c20e735919e,FL,33731,Malitrott,Stephanie,643.74
88eda9a8-dc37-4609-b48b-4c1c494e7d8f,NY,14683,Costall,Maurie,655.34
ec2e3500-a8e2-4ca1-9b30-c815b486411d,VA,23520,Wethered,Ilyse,57.68
ddcec7e5-1795-4792-b4fd-ad331b19e67b,AL,36125,Tamblingson,Valera,322.34
e59d91d9-2079-41cd-9acf-92fade2e6c7e,KY,40581,Shitliff,Kennan,282.66
de53a287-f256-4e32-a4da-8437dac40ea9,IL,60158,Yarnley,Rosie,615.03
b7225b41-d235-4b37-aac3-96098a5bf941,MN,55573,Fones,Jammie,432.66
b768f2c6-3f4f-41ef-a303-794988cc5b22,TX,75221,Martino,Othelia,362.94
e74bab39-d5db-45d9-9611-bfe70e5d2b65,WI,53234,Keaysell,Stern,455.26
d64c5234-68c2-4d87-8de9-3f0f78efb335,IN,46852,Search,Andrei,515.21
af95d101-3dff-48be-a842-9d51038a9ce1,TX,77245,Vickerstaff,Konrad,640.88
f9f1e539-1416-4551-ac65-fe79d502a78f,MI,48609,Ceaplen,Kristofer,17.67
ba442dff-be40-47e9-b5ff-711e11f9db56,IL,60078,Humberston,Cathryn,239.11
8c5c50a8-3523-4fb6-8671-674591ca6c0b,TX,79171,Govett,Jordon,174.51
e49a5384-ff08-4e13-8639-9a5594499ec7,CO,80243,Millican,Clea,515.7
d01426d2-640c-4f03-9bca-04afa01737a3,NY,12237,Axtell,Jamill,956.07
0eca8683-1b5a-4ac9-8089-88640eadd15f,MN,55188,Fullun,Arv,373.99
0d4def19-d26e-43aa-ac2e-a828b8f3a5e2,MN,55428,Faill,Gussie,416.25
95874b41-0652-484f-81ea-fba8bb348b42,GA,30195,Channing,Arlette,70.83
c3848e90-fa07-461a-ad93-712ef309dbef,TX,79605,Guiot,Micki,338.62
9a2a7da4-1d69-4ed2-9c2b-fa8862804362,MN,55585,Camerana,Chet,239.14
fe12533a-81dc-4a8d-814b-59aa200193d5,MN,55428,Stothart,Alejandrina,337.45
d215b392-6ff9-496d-a84e-f1e6b986d0cc,NY,10270,McDuffie,Bab,112
2a46a8ec-154e-4e68-aa7c-9cdd49ba7fa7,TX,77015,Loren,Bev,226.07
a0e6ac52-7060-4376-b1b9-f831e3c014de,FL,32128,Tourmell,Jesus,113.86
b51a874f-38a4-48f9-85db-11f62372146e,VA,22047,Dobey,Tobe,854.57
d671f66b-dd34-47e2-937c-d54ef03bb9cf,DE,19810,Riditch,Langsdon,985.29
c7ac00df-241e-4db2-8d17-f60858d79232,PA,18505,Cater,Christopher,144.77
a6ad9c6b-6a12-4ce1-831b-4fb6e87786be,CA,92835,Bryett,Efrem,462.04
92a38ef3-e5f5-48d2-85f1-8a92feb0491d,KS,66611,Farnham,Molli,187.73
a7f50268-cd3a-4ff1-9440-a2dbf50e76cc,NV,89166,Esmonde,Abagael,852.4
0fee966e-6cd1-4817-a21c-2a4bf5d94705,HI,96820,Skellion,Forrest,966.85
48640b89-5e05-43ba-8a7f-782e98af16dc,KY,40205,Shrive,Geralda,970.47
e3dccf6a-6eec-4623-a17b-420c5a6a0876,TX,77276,Aylmore,Redford,2.94
6719a3ea-d780-4a4c-abc2-3c34e9fddee7,NC,27105,Arlott,Dennie,664.63
d8a0eb3b-0f3e-4ec8-a236-9a46fbb2b3c0,OR,97211,Frampton,Jobie,282.54
9369a79f-2e1b-49e3-8171-2ff716123c11,FL,32092,Ireland,Tallie,6.01
d2d57cbe-c13f-479e-accc-fe8868308d0d,NY,14624,Burgisi,Yardley,824.98
9c03d9f2-d62a-4bac-9dfc-c3e361c766ba,AL,36119,Stonard,Katharine,5.31
d2c0d35b-3fa0-4f84-a228-d76e59db68d3,CA,94273,Spence,Locke,832.98
a1045e7b-6dbf-437b-97f2-3cedd00b1031,MO,64504,Soots,Jerrold,839.06
c7d291bb-8188-4162-9f14-078b5c0635a9,AK,99512,Jambrozek,Lissa,460.56
6fca016e-686c-4827-a783-70f42034c07a,DC,20215,Hibbart,Merle,93.08
5905a819-8676-4d93-a4c4-fae418816b52,GA,30340,Collcott,Duffie,41.25
a78606a9-abd0-4319-b568-c56af13c8e59,MO,63131,Stickler,Jordana,428.99
68b6e0ff-c83e-4044-8498-fb4b99f92fac,PA,,Goodanew,Sterne,501.01
87b172c9-2f07-4d94-9624-2030b3c4a113,OH,43268,Gutch,Baxy,908.69
388f0e63-af46-4ec4-9f17-8163dc5e4627,AL,35805,Mewton,Terrijo,914.82
fc941596-7dd9-48b0-a441-4f9fa30e973d,VA,22244,Tremoulet,Isidor,1081.93
088019fa-23bc-47e1-83b4-4ebf54028667,AL,35210,Conradie,Hunt,420.82
633efdf4-caf9-4650-aa20-a2a6b2a245d3,FL,33915,Blamires,Hildy,957.99
b69ea716-3506-4fc2-8459-ef2da6da745d,KY,40210,De Filippis,Carmita,524.03
9f1cb656-dbb4-45d6-a392-ca8cb3b1c44a,MA,1152,Belleny,Netty,105.58
ee7bd6b4-6ac7-4606-b692-38910018bb15,CA,93591,Ambrosio,Nataline,841.01
48c28b8a-a56e-43a0-a0c8-e685b298d426,NY,10474,Dalgarnocht,Shem,815.46
abc4648d-264b-4996-b14b-f35475aa69a7,CA,93291,Keemer,Lonee,685.7
dc04346d-f15c-4b6a-a798-4bf4bd3a8d83,WV,25775,Newhouse,Wallace,448.67
3c1dea04-4049-4f61-a4ba-a1c91eea3896,TX,77045,Cattach,Eda,44.87
b683e147-bf4e-4565-aa7e-7e934889d00d,CT,6505,Eisak,Cole,932.13
ad07ac92-2ad4-476b-a403-fdee046c886e,IA,50305,Etherson,Dorian,987.81
1e82b707-6d93-4c1a-965f-bae97ec61317,KY,40233,Sustin,Crystal,780.07
ea0ddc34-20ef-4d4e-84bb-2111793bbd70,ND,58207,Matussevich,Billie,836.58
7517ed88-2610-420e-b627-0fa5b5c2c139,NY,10469,Cafferky,Dyanne,74.94
d503ceee-c317-4650-a05c-21e8c2ef9b7f,WA,99260,Allworthy,Nessi,835.57
39bc1931-3f43-44ef-9edc-f86292b731e9,VA,22301,De Benedetti,Shaine,164.64
549bc6ad-a16a-4b6b-a3b9-d8be2a4b507b,CT,6510,Heindle,Linoel,397.59
df76dd96-7a2f-4ac8-9418-928126156f93,GA,31704,Clausius,Sully,387.97
437384cf-ecfc-46e9-a630-6a7c9d2c1211,NC,28305,Liddell,Sharron,263.19
3587ba16-b3a5-4092-915c-abd55b4c75d6,NC,28314,Kittle,Urbain,863.78
2ef5c32d-dc98-4fb3-b161-4ac9f07e9698,MA,2119,Calkin,Coriss,956.95
e5c89384-c2ce-465c-b53d-a8ef734ff904,MI,48267,Pedrollo,Martino,6.17
3e5b9ed7-f11d-4b3f-8f46-cc7626ee4d38,UT,84189,Ivashnyov,Denna,206.63
feda435b-4d75-4b08-b7c0-8547c7b6eade,TX,88569,Halewood,Janessa,851.7
6a958251-eddc-4895-86cb-bc0b0d55b070,TX,77075,Burnel,Shayne,331.77
541f1939-710f-41fd-8c32-f598ede00283,TX,78465,McQuade,Costanza,161.41
f5873007-6e5f-4719-b75f-d1d00ca0390c,SC,29215,Van der Brugge,Adoree,705.2
a622cf4d-019e-4e92-bd2c-a51b4235dec4,AL,36205,Heinreich,Constancia,274.56
2df3c529-664b-490f-bf3d-8bf6d948a4fa,NY,10019,Gallardo,Camile,149.85
c792f050-9e98-4ace-a779-0773c5d22018,CO,80228,Spon,Pooh,533.25
a9885a06-5c04-406a-891f-780e918329d7,KY,40220,Embury,Alvan,1.43
11091dbb-a34c-4639-8840-ccd0f0e10e47,TX,75251,Davison,Marney,912.91
99d9c672-1119-4f52-a99d-d13e1c73a3c7,FL,32909,Callway,Abba,687.42
2c259927-33c6-4107-8537-905f15a7217b,VA,22301,Muzzlewhite,Quinton,832.19
cf4fe8d9-0d83-4ec0-a454-807480c61441,OR,97240,Ranson,Sonja,909.78
20e61736-cd8d-486f-ab70-0dfec8066480,NY,11205,Tesyro,Alard,476
7a0ceaa9-2d88-4553-bab8-5b8ad7094217,VT,5609,Vala,Wernher,188.42
f9c616b5-658d-4d8f-81df-162f23d29c83,MO,64142,Cayley,Wynn,280.66
712b7909-4c8d-4d39-a559-a0dede81b0ed,DC,20067,Olding,Aveline,734.02
465f5dfc-b2a7-44e5-be44-2eedefb0c017,VA,23324,Shattock,Stanford,367.82
d6cebceb-5b6e-4768-a660-e742ba856811,LA,71161,Osgar,Jermain,507.13
cbb93906-b079-49f4-bf10-375fc0365aae,NJ,7544,Pallatina,Addia,239.64
4f92137d-eefa-4c64-a465-48a29cd5cf04,NV,89145,Gentiry,Goldia,416.75
432facaf-12c4-4e22-865b-14d02ed08f3e,SD,57193,Brayson,Tabatha,668.65
909b41ce-bf64-47eb-aae5-49866ff67a12,TN,38150,Beecroft,Corene,705.21
7db29d45-4cd2-4f2d-be92-435aecc2fc64,TX,88546,Ritter,Teddi,354.99
34bcde3c-b043-4aa5-9c46-6d1417058d09,FL,32092,Wathell,Lela,548.95
2b7f2902-6c20-41cf-97cd-709c4b6e696c,ID,83727,Driuzzi,Paddy,325.54
1dbcbe02-ed94-4e08-a9ab-c1e3c99a83c9,TX,76505,Hartwell,Gail,663.08
feaa5b91-953d-4bca-8c18-c2d3b4896e60,NY,11225,Scini,Mart,781.54
9a0d3dfc-4c9d-4b6f-9ff4-5cc61549ed77,FL,34238,McLarens,Saleem,513.24
81873ef6-108f-4853-aa21-11388e1995b2,TX,77228,Gorner,Ashleigh,835.11
50e07695-a8bd-4d03-96b9-26b39fdd3fee,NY,10203,Manners,Tania,977.81
ec3847ee-f6d1-4aa3-94f8-117a968da674,GA,30033,Clementucci,Anjanette,388.52
948bd6f3-ab6b-4978-8bb1-e3784d7c589d,NC,27110,Mustchin,Ulick,610.16
852b79d8-c320-4daf-bb6b-a1638d385801,FL,33913,Faulds,Bran,470.04
6bbf7bd8-82ec-4675-9ed0-a1a35828dd69,GA,30919,McGurk,Livvy,840.88
1e5101f4-be6f-4371-b2cb-faedaf124652,DC,20530,Stones,Timotheus,514.98
521d5147-aae7-45ac-a09e-e00e674f84d2,DC,20005,Codner,Kali,618.23
622f115c-37c0-4bf5-9eb5-7d8396045689,NY,10633,Slowley,Paulie,842.84
a8607efd-6725-4211-82fa-0d66f9ebdf37,TX,79699,Braunroth,Loretta,864.97
5c0765f4-b5ee-4caf-8e34-6a94ff3f6423,NV,89120,Metson,Trever,221.38
d97c4ebb-56d2-4f49-ab4b-79b9d976c862,FL,33330,Corbett,Charil,818.72
96762923-9ff0-4e7b-a3bc-74d3bdd82069,GA,30336,Gulk,Goldarina,714.88
853d08a9-fdd5-409c-8eb8-c3a9f29f75bd,OH,44505,Laverty,Caterina,393.88
03805352-3036-42d4-82a2-b1e1f026fb8e,PA,15215,Greenway,Roch,140.01
fc8d31a4-bcb4-490b-87a3-7684f268d4aa,FL,32309,Prando,Hewie,389.81
a87f2202-9d08-40e6-b407-24d994e6fd52,VA,23293,Brooksbank,Sloane,587.23
90f1b945-e164-450d-acdd-edc675a9d3bb,OR,97255,Althorpe,Ame,91.14
bc6ef0f9-47bd-4104-b805-e71822b31482,IL,61640,Renzullo,Dall,70.49
582fb5d5-75c6-49c5-ba96-435147447eb3,CO,80127,Whittock,Emelina,891.44
eac8512f-c813-43ea-9021-b9521ba42e0c,VA,23289,Dearing,Kelley,408.01
1297d4ef-0ac8-41e5-acb2-88f30da81817,FL,34233,Tewkesbury.,Nalani,841.35
3825d477-9b93-4be1-8150-5d1e4b187bf4,TX,77240,Danett,Reinwald,710.4
b4d83994-86d5-494b-9727-01fd8169914c,KY,40581,Messenbird,Blakeley,492.74
ecb61a2e-be7b-49f9-bca5-7059c782c6bb,NY,11431,Settle,Forrest,476.6
0710ed70-76dc-4b8a-b60c-9db35be3d773,OH,45432,Clemont,Leandra,75.2
a93bd2fd-459c-4995-938e-c0fb486c621f,NC,27717,Addicott,Amery,797.27
53b8817c-d007-4a77-85f9-1cb1031d0c17,KY,40293,Rottcher,Celeste,206.68
b54a2bab-649c-4f58-9ce3-de782c8afc34,DC,20088,Fermin,Rosalyn,479.58
54d8540a-2244-4551-97db-81c228ccbcf1,CA,91109,Monger,Engelbert,7.3
b576ad28-ef76-4487-8e60-0bf3e7686dd6,IN,47747,Charman,Ariana,622.52
37e5cccc-cf4b-45a7-8c54-2e20e3e25b66,AZ,85255,Clifforth,Ronalda,611.96
8e5af68f-7ff3-47ef-a713-92a94c8bd8eb,TX,79710,Sherreard,Marylinda,815.22
e2f3b027-46e7-464b-a9df-61b74b2a92d6,TX,78415,Guisler,Rikki,353.22
c9390c6e-7434-4bf5-aede-929674cddfc4,MO,63180,Timmermann,Horatia,74.76
9d957f4a-3aa0-49b5-b537-95228c34e821,MN,55598,Lowthian,Clarke,593.03
2bb0d5a5-06c4-4939-9a93-4af04543ea91,AL,35231,Peche,Marshall,898.28
01b19c68-5cef-45a8-ada1-11b6cbf4e121,AL,36689,Kleimt,Kathryne,232.95
e58dbc59-0024-4a71-ab9d-e002e84aa2ce,SD,57188,Lansley,Carole,308.5
d9769eb1-7fb5-432e-93d0-0d5dec9d8196,AL,36177,Tottem,Richard,102.54
c2069bfc-c6c1-44fe-8863-d24068adc36c,TX,79916,Gantlett,Kahaleel,726.77
9d7d8b09-04a5-4b59-b715-7ad7f52d1ed7,NJ,7104,Alexsandrov,Curt,634.43
f77f0d54-31c6-4859-ad27-52b6ae7fdad0,AL,35487,Harome,Lawton,443.32
dd9b8ecb-dffe-43e0-bd63-ef9fe9477934,CA,94245,Di Franceshci,Steffane,678.66
52452dcd-07fc-41bc-91e4-4111224f9cf8,TX,77035,Mandrake,Rriocard,758.3
ee285834-6261-4675-876a-c53ffdfd0cf4,CA,94975,Hymor,Roberto,245.84
bc21351c-1df4-4c54-8c3c-bb3fb2b0234b,TX,78764,Vittel,Tonia,570.12
06ee38ed-e591-4a4e-b805-ddc2f38b2a0c,NC,28284,Hankard,Nate,567.19
614e0333-0553-42f6-be86-7c875133a3bc,VA,22212,Mantz,Genevra,780.83
54aa0210-5e4d-41cc-b594-603ad36fefb3,IN,46852,Merali,Doralynne,812.91
05afac29-df71-4f54-aced-b6c01c09ace5,MA,2283,Greader,Herman,834.42
b6c1230c-8353-441b-bb98-cb826984d7e7,MO,64199,Bootell,Tuck,120.85
c3b510d6-20d6-4586-9231-9c73e4833224,MO,65810,Sirette,Keefe,391.97
90a5d9a1-1c39-46a4-a150-1474f39d90d3,TX,88530,Marusik,Kellyann,45.19
330ed9df-8e03-4e79-86fe-225409576565,FL,32830,Sibun,Garnet,756.65
dc102c5f-fb97-4b5b-a323-4a63486dbe7d,CA,93778,Taw,Broderic,38.74
aad8e27c-413e-4324-ad81-938f4bd3ee02,DC,20067,Roxburch,Alexis,30.89
cce95e14-b2d7-45a4-9f43-83e46693cab0,CT,6160,Reye,Jabez,325.59
3ca515c6-46fa-475c-87e7-93f60d412ced,CA,90060,Schurig,Kerk,673.04
4e161c7a-094c-4e76-80ea-5d9430713b1b,OR,97271,Caws,Willetta,479.33
a2829e67-8192-4761-8e94-7a8e63696794,NY,11054,Sydney,Skipp,933.51
f7241e73-0b3d-4124-ab0e-9176b17b3a6a,GA,31205,Dore,Alfie,423.09
384bd1af-2f9f-428c-be02-915e040742d7,CA,93750,Briffett,Robby,594.28
e3e1aea2-9d1f-4154-b396-2b30797587fb,OH,45403,Jersch,Delora,899.75
3dac92d1-49a7-41ac-b5e4-19965bfae6eb,OH,44393,Pembridge,Kacy,707.19
b1e2b88f-350f-45e1-90a4-e9b7a81209d7,CA,92648,Duffitt,Wye,14.73
00541b47-91d9-46db-855a-2fb333d61b71,CO,80126,Tattoo,Phoebe,663.47
180e5d31-9c57-487d-ab9e-b112f1a80e53,AL,35220,Teresi,Red,960.65
585e5d58-a2b6-4286-be4d-a27f3b2c1510,PA,15240,Fordyce,Moore,580.72
c3f99a08-e504-4500-8d69-590455d41e2a,NC,28272,Kubicki,Ramsay,768.18
f51cd13c-de3b-49a6-9f3a-3064b39cc594,PA,18768,Caulcutt,Hieronymus,653.02
3c77cd1f-6724-4083-9662-c9f3322fb27c,WA,98148,Bein,Lani,342.22
457ff51d-28c2-4fd9-a447-952dd118182b,OH,44905,Troak,Lezley,674.66
088d7f61-da80-4143-980b-fec3c44fe230,OR,97312,Berresford,Godard,118.96
9de9a3d6-26ee-47b1-a138-e842fa96eb0d,MN,55428,Smith,Adelice,38.02
adee9d30-7abe-4a32-a4d5-4f84a1c03196,CA,93305,Bugs,Langsdon,677.52
a1ac3930-18ba-45c9-baaa-07086f285070,FL,33499,Mathis,Franciskus,111.35
12bf271e-7188-4c2d-bab1-cbaeb6b8e04f,CO,80638,Edmeads,Karlis,983.36
23894a2e-6086-49a6-abc3-9a9ca8139b49,GA,30905,Fechnie,Redford,666.57
bd73f74c-4d9d-4246-9754-54b81e93cd6b,NV,89074,Halloway,Lorant,923.08
ff73e158-7112-4fd5-b139-d524e88d433e,TX,78415,Gossipin,Micheline,778.94
639c9fa2-2923-4cb6-82b1-83bf791ad403,FL,32405,Mundwell,Hanan,299.43
1f1a6096-6def-4952-be06-519586fa6b2f,NY,11236,Wingham,Randell,710.45
48f7b5d1-bc19-44c9-b05e-650462553318,CO,80223,Hatwells,Robin,801.87
dd2fb564-3d7f-4f17-9867-2002fa43c6e7,AL,35295,Bellward,Chanda,941.15
bea90e9f-774c-4ff7-92cb-8284d0356374,GA,30311,Leeburne,Jean,770.72
8b84085e-57e0-4aae-9a20-2a8167e1dfa5,TX,78205,Ablett,Susann,143.83
c39e389a-5bb6-4c56-9141-4be9666fd1ed,TX,75241,Gerold,Kennett,658.93
e05879c3-f7c5-4e92-9745-ad027b5b90ab,MI,48335,Sandy,Orin,519.68
89f45f05-bf58-46cd-8c15-9f3a4aee03d9,WA,98682,Smallwood,Susannah,310.46
bec15b3b-c1a9-406a-b119-8a7cf982fe71,OH,43204,Kivelhan,Viola,687.24
0f3f4338-208b-4d9d-a99a-83463435c8a3,CO,80940,Patershall,Sauveur,242.65
805bf8f2-8112-4168-b691-34e87108ed04,VA,23509,O' Bee,Hamish,477.75
e2928026-4ee3-40dd-98c6-fd58db1ad52c,CA,92805,Turfus,Ezekiel,254.9
2b8fbd7b-4fd9-4349-9aff-7a39ead1b2d5,DC,20337,Hurndall,Ase,255.38
71b25d0a-36e8-4137-bdb8-b255c735a7eb,OH,45470,Langdon,Raynard,951.71
70a3288d-3e71-4812-a423-e5fa370c6430,MT,59112,Way,Corri,137.72
e2823a5d-c932-473d-9890-8c82a61b5443,IL,60691,Merida,Kipp,49.92
b2b8ef6c-32a9-4c71-a1df-ee0333cb7153,TX,79105,Ewert,Ken,528.85
1538f9a5-4d1f-40c6-a95a-4a514cf2a332,FL,33906,Meeland,Konstantine,581.61
71245081-026f-4e35-9a28-77fb7b288e0b,PA,17622,Taplow,Ulla,808.54
2efce953-7d70-4b7d-811a-1bca150ea7cc,CA,90805,Manginot,Karlie,785.11
e120c1a4-ea6c-4b16-a191-525fc47ecad9,TN,38136,Ewings,Ginevra,913.19
aa0d1a74-3c7a-4cc1-a9c6-116d99e93c5d,MI,48550,Human,Vasilis,916.28
0f5523cc-4cb3-4a9c-ac58-c3f085ff893d,OH,44185,Mickelwright,Adore,468.97
8cc765f6-ae2a-4f84-ba8b-acf78a6792ed,CA,90020,Kliemke,Edmon,683.41
b464dc69-9b0a-4fb3-80f5-4ea60d018ce4,TX,77388,Gianulli,Sula,308.03
b8aff539-a9dc-4885-87df-912a78cd2c81,MN,55417,Shepheard,Clarke,180.24
dbf55a9f-4e45-432d-9c00-e88785748267,GA,30022,Barta,Bram,541.89
75c63bc5-ca2c-4a7c-bff2-21ff3237b058,NH,3105,Brigshaw,Birdie,512.6
2b7b9b72-407d-4d99-a919-47fb291eb9a9,NJ,8650,Hazlewood,Albertina,997.43
1509abf3-64ac-42bd-ac12-fed8584d0f99,AZ,85754,MacElane,Brande,749.69
d74ce293-3ea1-46d8-959e-9235c01695ec,CO,80310,Fickling,Babbie,533.08
7ba18ac0-a78f-451a-a038-1e1a48ee02f8,IN,47905,Muxworthy,Michail,838.63
3dac9aea-2572-445e-a0f9-85d419670fc3,CA,93584,Cassam,Angelica,97.41
9f7a4525-0a5a-414a-a09c-c1fa81a43860,LA,71137,Cartmill,Melony,278.68
3898f825-2c95-4f8c-8a9a-5876c81d1e9e,CA,92717,Lamball,Conchita,786.14
e591ef9c-e475-409f-8ba1-518e626e965d,IN,46857,Fyers,Nan,642.65
4bb543f5-e9c5-4c9e-a57c-faa5baaac30d,FL,33543,Danieli,Ewan,905.45
63b3acce-9e2c-4a6f-a2c3-b3675e90094f,FL,33421,Faughnan,Kaleena,450.36
fbeec199-6de8-41c3-a8f8-dc9f859fe729,LA,70129,Simonel,Gretchen,825.48
e8ade3cd-3a2d-4c35-b993-330c1f2ea95b,NE,68583,Holcroft,Carmela,479.74
bbe15244-59f9-4c87-aad2-db3cae45292d,AZ,85030,MacAless,Mart,243.54
edc1225e-41e1-4616-9210-36f44dff434f,IL,60686,Harold,Darsey,773.32
75c8cb31-5002-4e07-9ae2-98a9e6f58cc8,IA,50393,Durrance,Jolyn,851.66
550391ea-daa4-4adc-ba0d-3a2cdbe081fc,CA,90076,Moyle,Farrah,911.95
e87e0bf6-528f-4736-8adf-cdbb49eae84c,KS,66286,Pynner,Maxi,347.2
b73b8f3e-2341-4c23-a0f1-292283a70831,CO,81015,McNern,Bartholomeo,468.24
2aef7b1c-bcb9-474a-b660-479ab282f3a3,PA,16534,Cornels,Avie,763.25
f4971007-31ad-482e-957e-2b9d57eb97aa,MD,21684,Laughtisse,Sammy,477.5
41a2538e-1b74-4611-ac07-24b5b50c6dd7,IN,46862,Fould,Mariette,871
4c64a9bf-27ff-452e-ab39-0440cdc5ee1e,TX,76192,Paten,Denney,984.37
bd946361-7411-4fa3-a61b-c47dd43666a3,CO,80915,Joriot,Lee,618.25
6fe9cc17-3ebb-4e7e-808f-93b01b9389c8,TX,78296,Dumbarton,Greg,463.18
6c2de3a4-33cb-4eb2-b3bb-ba7e2426851c,WA,98481,Okroy,Jessy,241.23
dec15d3a-f531-4e84-baf9-b62688ef47c7,TX,77030,Martinek,Alie,764.57
8b46dfce-d30f-4395-8368-b4a49d3533b2,CA,90505,Cobbled,Garvey,270.5
3e87e1e0-787f-4af1-b0e5-de82314f1cd7,FL,33805,McKinstry,Arlin,880.6
ca98268e-31b2-49e3-87f5-c0b2d1311b4f,CO,80150,Bausmann,Kimberlyn,619.99
940be45b-f934-4ff4-9d93-2e6eb3707e38,KS,66105,Diamant,Husain,368.84
528408f3-fb48-4e5b-b38c-769f0fa9425a,SC,29319,Willatt,Kettie,315.19
06930972-b2f8-4b5a-9972-60fba7b6b285,CA,,Swine,Estell,981.79
40bbdde1-42a8-43b3-856a-5372d775a954,NE,68144,De Filippi,Pearl,857.22
2357ac2d-8457-48fb-b4c1-9051ab9452c2,CA,94207,Colby,Willy,589.73
f32559f3-58f6-489d-935e-419aef5db05e,MO,64179,Pevie,Locke,783
757acf7e-12af-4cc5-844d-2798f607fc8f,MO,63158,Gollop,Fernandina,160.33
dbe6cea0-c3af-49db-aef6-d5698c3bfdc5,NV,89115,Kurten,Dewitt,385.99
ca1f4d35-b856-4edb-9fcb-10b196a3016c,VA,22184,Malitrott,Helli,317.67
12347098-3d27-4ba6-9215-601d2f370bbb,TX,76004,Towler,Archibaldo,263.16
14f11be8-3583-48da-a239-30704b197176,CA,90045,Berthe,Pamella,106.3
f33b612a-78b2-4b4c-8d43-757799178e4e,WA,98664,Hearfield,Salomo,614.67
50686b95-f669-43d7-965f-142060863920,MI,48217,Kapelhoff,Francis,268.53
bee0fc94-e1b5-4b35-8c02-a88c44b5a1af,LA,70129,Sandom,Wallis,195.09
295f550f-96c5-4608-9fdb-0addd7d7ce54,PA,18706,McGrae,Abrahan,438.28
3599866a-76b7-4c54-9412-990cbf0104ec,WA,98405,Nunan,Llywellyn,64.31
9c55307a-8572-4f15-91a0-b72d4826cab4,NY,10454,Zanicchi,Dredi,20.92
3cda89b7-2861-40a5-991d-a116730f622d,OR,97405,Howison,Stephie,179.13
f2edc694-f74d-4482-9166-c14b55df1f82,CA,90025,Quirke,Terence,622.98
32ce1f08-7834-4e50-8c85-32354f36d99c,AZ,85705,O' Hanvey,Whittaker,475.62
dc42a754-c84c-42eb-b8e5-a5345f5055e2,FL,32215,Thorbon,Johnnie,380.53
be8b16a4-3204-44c4-adc8-993647abb356,OH,44118,Slateford,Larine,1107.77
12df5f81-7267-492f-9234-3f56fd9a4882,PA,19104,McElory,Selina,844.24
4254dfcd-5df5-484d-9afe-0604bffac128,NJ,8638,Jillis,Merilyn,229.33
8c00ce4b-0eed-4281-a41c-13b5249ec349,CT,6140,Corey,Ethelind,501.16
09d28e3f-ca17-4c95-bca6-104d88ea8d28,TX,77060,Levee,Kristofor,257.74
3306fab5-c4d5-4c60-ba77-6889f063df35,WV,25389,Thomassin,Ardyce,875.02
56a79658-0a98-4222-8541-0f13bd65202f,KY,40215,Neill,Larissa,400.98
6af1c870-4440-4ea8-9e57-5cf8c0117fb4,TX,78682,Scryne,Trumann,525.05
d789fec7-5557-4319-8816-d70fbe97a11c,CA,95160,Adamowitz,Lorinda,630.17
42914e20-b839-4d93-bb57-8d94a45d3ecb,NY,11215,Grisley,Jard,244.64
51fab92c-68d4-4160-b090-009bf218772a,GA,30306,McLoney,Freddie,807.24
639e4b4c-34c1-4d45-a230-cc18b3998aa2,OH,43284,Fain,Logan,348.03
c189f858-24ea-45e8-830b-2b883823e85a,CA,90025,Scarre,Waiter,844.55
2221b3a4-5c8a-4832-a750-738f2c358ec4,CA,91505,Dagnall,Elana,901.77
6de3bd72-1c24-44f8-bc1a-c9ba1e68496b,LA,71151,Pierton,Nannette,17.99
2d69fd8b-0cbf-4126-a52a-67bb290671ef,AR,72231,Garside,Renell,675.15
2d5a8ac1-3c5a-4bcd-a3f9-f81ed11f230b,GA,30340,Biskupiak,Norrie,740.72
d34e6ce4-e16e-48dc-90dd-56411f259e6a,TX,76129,Leggen,Allyson,633.42
68876e26-4acb-4ac0-941f-3922b37568d8,FL,33405,Fallawe,Waring,44.18
cec7abc6-93fe-4072-a382-65c9208d5567,DC,20268,Kilbane,Alisander,587.19
103cf573-e648-45e5-b10e-7331d1b96d9d,OH,45203,Bett,Louis,81.55
6906f305-dba6-4ea8-9440-f91d776b1735,TX,75221,Abdie,Geri,826.52
0f718e15-19a3-421b-9be0-1743872e3696,CO,80126,Michelotti,Marjory,430.8
4f3774b1-93c6-4b43-9c41-e708e8fbcecb,TX,77276,McVeighty,Caritta,281.49
da29a15b-1dfa-4056-884f-19f121c135b7,NJ,7104,Petzold,Michelle,27.41
41cc524d-39a6-48eb-9bf1-509ee83176d1,NY,11044,Mogra,Franciska,774.74
a1c3717d-7fda-4e3f-a4f8-f9ce814b28c0,TX,76192,Entwisle,Eduard,607.48
7d815e98-c3af-4993-8b58-e2d787b05845,HI,96805,Gaskal,Shana,638.36
32e5150c-7e94-46f7-976d-51cb51362452,OH,44485,Heasley,Fabio,36.56
9b28cc00-cf43-46d8-91da-4e362ae1bc48,WA,98687,Caddy,Ulrika,294.37
f74544d0-ab54-4bb3-b2dd-42ee1397b543,MA,2119,Hallaways,Ritchie,271.71
04101393-c2c4-4678-a260-878c8b8e1954,NV,,Goodricke,Romola,905.1
48a9bbce-6ec4-4537-8cda-65753fb67ce0,NC,27615,Haughin,Bird,233.15
dfdea0f0-2373-4762-8d29-4699087bd665,AZ,85030,Patters,Tristam,547.5
24912d74-3d7e-48e1-8df8-2405d2a1fe0f,FL,34949,Eastlake,Lanie,969.86
a0187ff0-7882-45f9-ab4b-be22e6cb4310,IL,61105,De Mars,Kerby,721.78
30e64491-f83f-40d7-906a-c38323c45fbf,TN,38104,Glassard,Emmye,771.59
6b4b8684-7c5f-4769-84a8-f66ceb76112a,TX,78220,Westley,Jeramie,666.13
eb11793d-247a-4f9a-b4ad-5dbbdc57a667,AZ,85045,Schreurs,Feodor,687.29
49b2d1ae-97b0-431e-aa78-d7c7d489856b,TN,37450,Beldan,Drud,490.2
0407475a-121e-444c-afc4-8ef13bbf2645,NE,68117,Crich,Stephanie,921.11
9209944c-6441-412a-8249-77e51d64ffbb,NH,3804,Dalyell,Gina,794.13
8fbd91dc-9d2b-409e-9a9e-9868b752dc39,KS,67210,Wynn,Douglas,951.98
6c4d6b14-fa4d-4386-a589-f468eb392e60,AR,72222,Denzey,Gualterio,284.22
baea72e8-3a7e-451e-adc9-24bb8e46dcf8,MT,59806,Wyd,Wilone,684.05
105b7ab7-fd6d-4c2f-82c6-9ea9c93af445,WV,25362,Danilyak,Cherry,404.96
5ec6c8f1-bc08-49f3-b0fe-653d518bc878,VA,23705,Arnaldi,Tawsha,346.52
cf333a7f-4859-4aea-8c25-cf0aafc28926,OH,43699,Sipson,Rora,962.6
4d6da6b3-6c03-49ce-97d1-32040a803c40,NJ,7505,Romaine,Zared,675.27
04195708-ca00-4fab-ab95-95f9b8f5220c,CO,80310,Leworthy,Flss,264.89
82729022-91f5-4dc1-a338-59683dff4c19,GA,30380,Brauninger,Barbabas,759.14
e23fbe51-a5e0-4665-9368-7e5cbe352841,LA,70826,Pfertner,Jacquette,741.32
016e54ec-3e84-478c-9eaa-82d280a9dbe3,AL,36109,McGinnis,Jonas,705.58
9eb3be51-2e7a-4d31-93ab-23c132e1a74c,DC,20067,Pooke,Raven,363.52
89f10270-ccd2-42a9-8636-732eea26f007,UT,84605,Draxford,Artemus,268.79
381c3562-fbda-45dc-a469-f2c20014357a,LA,71307,Veldstra,Muriel,324.99
bb34084f-52f2-48fd-a894-d22685b20c60,SC,29424,Renner,Chalmers,225.52
3d0f1204-c26d-42bb-8b2f-cb9eff9cd0b1,TX,78044,De Witt,Wald,166.55
d36fb4f7-c830-4dae-9f7e-5b24044bcab3,SC,29579,Hayward,Dimitri,137.58
11c1998a-c0ce-449d-b038-4b2b5dcb6bf1,TX,77030,Frankiewicz,Giacopo,1019.4
32af835b-547b-450b-9f42-18cbaf222fae,CT,6105,Stainland,Helen-elizabeth,265.35
e963071d-48ee-4347-8f05-b0ec3465579c,IN,46231,Tulloch,Valerye,673.54
51f9a8d1-6e44-4099-b3c2-d1f5b6e3ef42,CA,90610,Beazley,Napoleon,751.26
d7fc4a3e-3559-4e56-ba09-6ce528ec48d7,LA,70142,Royan,Kattie,827.99
98b07658-fce8-4625-aef2-5c519a550160,MI,48242,Richard,Trumaine,919.97
1686491b-f208-4baa-af2c-4bc5ed1e40ae,WA,98008,McGhie,Quentin,415.4
d3fc3538-0bc6-4d68-bbb0-6ad1c83fdf56,TX,79977,Willarton,Sofia,824.08
23312497-b2e8-4e97-97a1-92ec294649a9,IN,47805,Setterfield,Welsh,928.15
74b532c9-6d2f-45ca-94ba-a9906b13cfd2,MA,2472,Yurlov,Leon,213.75
01cee97d-03d2-47fe-8b7a-3f1737e7a37e,NY,12325,Aggio,Lukas,822.53
d827a4d4-d0e3-41d7-8676-62149564c9f6,VA,22212,Lomath,Hillyer,727.1
cadc68ec-7f49-4acb-a74d-c9b517c4dbd0,KY,41905,Leve,Curr,902.76
f3337525-73b5-4fba-9f6b-efd9818a33a4,NV,89436,Gercke,Roxine,832.67
9721fa91-f0e7-4ab0-b892-031ed3872931,DC,56944,Gouny,Elston,167.67
f54acd65-bf23-42c1-a6f9-0d91ddb2778e,TX,75353,Joannet,Doloritas,403.85
a67fbcf0-a79e-46df-b875-1a4fe986d58f,KS,67260,McKinlay,Tabbie,503.5
5be8f612-afcc-4364-9272-f2f5e70b5289,CT,6105,Docker,Georgie,212.91
0e5b5c2d-826d-4121-9089-57bd472b6b13,NC,27705,Lindbergh,Howey,265.62
9ccf4548-8574-48d3-bf91-e75e1f66787e,FL,33320,Kyllford,Maurizio,537.46
30b77f63-fa6f-4884-bcfe-4f57c9e0b044,CO,80217,Brobeck,Shani,297.84
e5acafc0-ee97-4b04-90ad-5db8aa1b272a,DC,20442,Hargitt,Hatty,147.44
0bdb2ecc-ca68-4ddf-a20d-2505f15ae74c,CO,80005,Kiendl,Ripley,982.07
85922ece-fd8d-4017-b3db-924676405c1e,NY,10260,Gledhall,Elsbeth,757.7
7020d5cd-0b6a-4dc8-8e31-48e286428541,TX,78710,Dawdry,Pip,269.28
61966204-ff27-4ecc-a989-0c352bd0cceb,KY,40546,Aslin,Wynn,838.89
2d148d84-ea00-45a9-8d3f-f64339535c62,CA,90805,Gosland,Quinn,61.17
282b428e-9700-44ad-9779-5f9b17b70783,OH,44197,Ashment,Wilburt,940.24
c8d31306-976a-4e76-aadb-e0d4af03aa7b,CA,90055,Cawkwell,Claiborn,503.31
0812cc58-0631-4681-81ac-ed055d27180d,VA,22903,Peckitt,Deck,727.21
7de95080-7d30-4b77-8c30-73364dad89fe,GA,30358,Brian,Fair,770.78
7843768c-87b2-442d-883c-157882976070,TX,76905,Stollery,Lloyd,264.58
7f8dec32-e966-4f07-b879-0db9c661d2b5,FL,32808,Buckingham,Lissa,44.08
3843f49e-56a5-4e22-83ea-1c668658fe38,TX,79710,Fenkel,Sandie,825.35
2c1048f4-d9ac-4f7a-aa77-3fc78d82a428,TN,37410,Mepsted,Aurel,498.23
268342a0-93dd-479f-9cfa-0fedd8710774,SC,29240,Inglis,Mauricio,256.01
1a4035a3-ccd5-451c-9b4b-de742ed4c1de,IL,60669,O'Cahill,Salli,615.86
0f4cfda9-b483-448e-a5e1-95c0ae752768,PA,15235,Damant,Roselle,333.06
c27d904c-e615-49f7-95ac-0ac20210f2e4,HI,96845,Hewell,Meghan,817.29
e8922560-24bd-49ef-9209-1d13a5c79720,DC,20470,Larkcum,Bendicty,38.61
858a1659-01ba-493c-b39c-787247dc00be,ID,83727,Kenworth,Sanson,736.23
1e83375e-24e8-4265-aeb9-2c483f706d31,NY,10115,Rowntree,Dougie,486.96
3f036fbf-7087-40ee-833a-3fd2653deae8,GA,30375,Dodswell,Jemie,939.29
b5bc7cef-63ea-4919-8ceb-ed94b11214b5,CA,92410,Curtis,Isidoro,323.67
8d74ef73-60d3-45d2-a4d9-0eb54a5ee10f,CA,92835,Semiras,Edita,703.98
1404a587-e27d-4b29-8cae-58739c95d2a7,IN,46202,Titlow,Kym,1010.32
b6cadc40-46af-4791-aa7e-df127fdd09b3,WI,53220,Priel,Marilin,366.12
4a6bf3fd-f24c-4e90-b19d-c9f9a83b7266,CT,6145,Eble,Brewster,841.87
06e7455e-b963-41a9-b948-8f24b17bfd2a,WV,25336,Carass,Augustine,569.36
8f461518-959d-46ca-be4f-94707dc74b98,TX,75710,Dutnall,Brianna,681.55
eff1e478-35dd-4af0-aeb9-3290bae54be2,NC,27105,Gaskin,Vonny,109.25
e9d04154-74a7-45b0-bd56-449405f1167e,OR,97221,Lambshine,Jocelyn,610.73
e7ac4976-7718-4a45-a6c6-777ee756a35e,WA,98121,Cast,Morgan,597.67
cd60b104-e181-4874-9cbc-af579370cafc,GA,30066,Hutchings,Jone,693.41
1ae8f3c4-5b95-4aab-8cb2-89870626766e,TX,75246,Cockings,Honoria,542.87
9bf5ab9b-6129-4056-95c2-cf921d8d5750,AL,36628,Sidgwick,Karla,795.61
6050e5c1-468c-4ca6-8733-bdf2266f6612,FL,33625,Dopson,Kay,233.56
145e0ebf-8419-427a-a3ad-174000c6a8f6,FL,32891,Miskelly,Joletta,105.27
a27865fd-4767-4ae5-8caa-8f669d519e7e,WA,98424,Wickliffe,Janette,326.73
f6c4b9fb-1eac-4893-876c-066c61ba7ad3,VA,23668,Whitton,Perry,650.75
f695414d-a136-4ba3-9161-0dee4d1e98fd,NV,89115,Boyn,Lucien,396.81
44a977dd-b285-4ce7-989b-2096841c75f4,FL,32575,Tailour,Glynnis,993.04
34c9eaf5-a0d5-4cbb-a183-3d34fc8b22a7,AZ,85062,Chasteney,Krishnah,564.42
cac1cb45-d60b-4b78-9883-52c101ecb57a,TX,79710,Durn,Hewitt,24.36
0f41fb24-64f7-46ab-a520-e7dc14b2b043,SC,29610,Knowles,Rip,157.2
80b18b57-0597-4f31-aa7f-d435e49d5516,TX,75358,MacAlister,Valenka,881.33
a37640d1-71e7-4638-99ac-c82df280fbeb,NY,14215,Pirot,Harland,455.85
0a3794e9-b2ab-472a-adf8-74d586a0b60d,MI,48919,Sonnenschein,Ferris,441.53
4b078416-c1a4-4afc-9723-c05762c90f3c,TX,78754,Arnli,Lilllie,770.97
d5a2ec76-0d0c-4268-87a6-7f00eccd1586,NY,11480,McGuiney,Rafaello,533.33
530ce9ef-213f-46e4-842b-4ddaf7bbe8f2,CO,80045,Skally,Jule,821.41
efcc4a1a-6708-4ebf-a999-88dfc8f23ff0,IL,61614,Francisco,Olivette,310.6
30a4f4d6-ad7a-408a-9245-56defe58a319,HI,96845,Raimbauld,Charity,541.48
1323ad33-b326-454c-85b6-9346f2a240ed,NY,14609,Doumerc,Renate,975.52
37a73231-393e-423f-b181-c87596c8f0af,NV,89519,Scopes,Tome,751.45
f8ee988c-599b-40d4-98cf-efdd5146f4e3,NY,13205,Skunes,Alley,126.63
94c8b20a-a994-456f-a3ef-f5e05133df9c,CA,92645,Guiver,Kendricks,381.95
d861e124-f142-4e1f-81f9-9b8d4d5f2e39,NY,11388,Showalter,Mariana,680.6
13c990ae-cdcb-4572-bb7d-b98050c84e06,TN,38197,Stormes,Genevra,712.84
289c26b4-03d5-473d-9608-50329fd8d818,MD,20910,Elden,See,231.49
c1cb3560-0798-43b7-8c01-eed2d79f0d73,LA,70033,Simmgen,Marcie,78.89
997ec30f-8075-4ad7-b145-46c6b2297341,NY,10105,Mowday,Vania,684.86
ff7df279-f0f2-4782-bab2-34559cfdd7f2,CA,93094,Coot,Terri,736.42
83a13dc1-576d-4d93-817d-91a2a606739f,WI,53779,Carlos,Arvy,350.84
411d941a-7796-4fe7-9da5-2949d47c4498,MO,63158,Kennford,Bambie,748.76
6b2c5887-c14d-43dc-adf3-07364abb3e88,NY,13505,Mellenby,Nell,436.97
5e584404-d91f-4673-9b26-b251a078b601,FL,32244,Ferroli,Ambrosi,710.74
061b805d-3881-4985-9d62-2557deb52a77,AK,99517,Chsteney,Monika,2.45
0ba66ed3-9936-4b4a-9370-7ab48e3916eb,MO,65218,Kunert,Julina,124.29
1b3220b8-0666-4875-9368-28ef5cf07cc2,MS,39534,Ludye,Constantia,805.78
11debee4-3df2-43e2-82ae-5f86e0a92e08,CA,92883,Kremer,Whit,390.58
b4e8bbe4-2bf9-4764-87f8-6a4c6bff2403,IN,46247,McNulty,Maddy,500.02
deb70753-a66c-46fe-a681-2417f87b164b,TX,79118,Cluckie,Stillman,232.36
68102b87-0b50-439c-bbab-8bd050a50ea9,LA,70505,Rumke,Vincenty,630.32
3fbb8a34-9cf5-4a23-b300-0f4ab24e8061,LA,70165,Dunmore,Mirilla,160.74
2909d01a-8dfd-4d0f-87a3-51862b4e9d11,AL,36689,Norton,Chicky,265.25
e8afff33-2e9e-4452-8a0b-40dc2f59aa08,NV,89074,Towriss,Virgie,811.68
ed8aa0b9-edf8-4e23-b36c-6b6c2174b27e,PA,15210,Castellanos,Ruddy,559.3
e442a822-4ad3-464e-b6c5-859f56ccc55b,TX,79950,Braven,Damita,385.03
b2c395ef-47b5-4e1f-8364-04e30b51aae7,FL,33625,Hampe,Pollyanna,80.76
02a7c2fc-444b-4761-b189-5a3a0717ef3a,CA,94913,Kleeborn,Abdel,945.32
87366f13-b753-46be-baed-66776b886f3a,TX,77493,Elfes,Vlad,133.81
6a3a1c52-79a1-4db7-989b-102c1375e04c,MA,1105,Fery,Keriann,585.58
3304b4d0-af6f-4a59-8958-236f6b239058,OH,44485,Scawton,Mirabella,524.18
25c50435-3153-4aa4-a5a3-cb99b9cde77a,NY,12262,Strasse,Lauren,355.55
07ae7192-b382-45a1-8c46-6b12cbf2933e,PA,17605,Buckenham,Falito,0.42
11f25016-2afc-4102-9c3e-44de87e939f0,WV,25775,Kuhl,Zenia,662.82
d4321f30-e51f-4c00-98f1-23e1e46d5a1e,FL,33336,Snalom,Marcelia,997.6
817da604-acd3-4dae-8c08-450047f02d20,TX,75260,Walters,Angelo,572.07
c6be89c0-2473-4d35-8f8e-c46e8a3b04ca,CA,93584,Peotz,Sophronia,398.85
9d5a0e91-e9d2-4804-870a-cceafa3b7a7d,MN,55585,Winterson,Anatole,4.45
94507df8-8dc5-45eb-b0df-cc6b3e7bae78,IL,60652,Mitchelson,Glyn,89.46
31dd2771-2431-4db5-bd01-1d96d7a4e7cb,VA,23663,Culcheth,Bastian,352.66
1ab2ba89-266b-4823-8033-1a721e3f50a4,NM,87105,Savory,Damian,292.99
2e691cc3-9522-47c7-a0d2-4553ae3217f4,AZ,85311,Mattiazzi,Jo,140.48
4555a22d-8661-42a2-bd91-228cab13d741,FL,33069,McRobbie,Martino,154.49
fe7fed97-4dd4-45e2-94e0-d38ba5f618b4,TX,78250,Bondy,Clare,526.73
fe680e71-4c51-4bfc-99a7-9b629419f048,AL,35895,Iredale,Beatrix,71.5
e4e4f2e5-54f9-49d1-8e92-985e839e86b2,OK,73157,Critchell,Roshelle,4.47
92607863-6bf5-4a14-9b79-8d7a7b68b069,DC,20546,Chamney,Ebonee,416.16
624eac7d-af60-4786-a76c-8f63b25cf56a,NM,87110,Delwater,Annette,346.11
b4afb4b9-6420-4693-8eba-6aec0662bfb5,TN,37410,Skaif,Wyndham,665.55
aebeff08-c134-4159-a917-4129c526850d,NC,27658,Kobu,Almeda,885.09
c419f3ea-a428-4a95-9988-1f80d9ed7037,FL,33111,Haig,Olivero,980.83
2196043a-646b-4304-a084-8b7884da59f5,AZ,85725,Rodnight,Husain,638.52
6af0cc42-ba00-44dd-9813-cc3bdb058347,NJ,7305,Ozintsev,Leesa,955.22
f675cb64-4b4f-4899-a2fe-6a0f727065f0,DC,20231,Gilleson,Alberik,128.37
27a38689-7aa1-4510-8567-5bad40cc17fd,NJ,7505,Berick,Mersey,426.18
8a2d0596-b5d8-40d6-b9b0-c14991d1f902,CA,92165,Camacke,Adams,167.42
0fbdea04-9e7f-401d-b921-aef6280808ed,TN,38308,Thurley,Janot,93.02
1fadf4ed-bd8b-4400-972a-07d1e37e1577,KS,67236,Pownall,Horst,557
6fc64bd3-4233-4f4a-97c6-8fea0b5c8736,NM,87190,Karlsson,Kristofer,42.03
400a8d46-f847-4b9b-87a3-53a8bad227b1,IA,50330,Blazi,Sheffield,707.72
d5acdec6-290c-4c05-beee-b6a4dbce842e,IN,47306,Mellon,Julita,909.18
c3c1ce9c-4346-4c6d-8abd-87c74540f21d,NY,11470,Kuhle,Carolina,309.79
4e0159a0-155a-4d00-b270-31f019a713dc,IN,46231,Weir,Lira,140.93
e47d5593-ec4d-4d2a-bda6-b9eabe9a7e03,TX,88569,Cicchelli,Margaret,125.56
204c7145-6ff3-49cc-9399-86cbbc56dfef,WV,25726,Adamsen,Tatum,463.14
ec64cae5-fea9-4905-ade0-107a56976857,KY,41905,Kopfen,Reggy,463.37
af427516-75e0-464c-8e25-6e794ba6ffc0,TX,79916,Quest,Caria,880.98
dccdf8e3-0ac9-4924-8c13-8fe3f09c3a08,IL,60351,Ruske,Benedetto,338.57
b235f63c-adc1-4e12-953c-7c5b13b6286b,FL,33913,Bonnaire,Lorri,179.61
99964fdb-b9ee-4359-ad03-7d75cba8d44a,TX,88589,Petworth,Staford,518.26
b32df21c-a78e-422b-9261-1d361c2352c4,PA,18105,Desborough,Penelope,949.96
d1d4dc63-3a88-4ea1-95a1-9aaacac08bc0,MS,39404,Whitsey,Dedra,89.2
39ed84e0-ca59-4933-a43c-24741a235d7f,TX,78215,Gilardoni,Phyllida,866.78
d5ab4ab8-a390-43dd-bd18-bf8e97140ef7,MO,64136,Klaaasen,Randee,150.09
880a13e7-a07b-464a-a6d3-cb893e65dc66,AK,99517,Neissen,Monro,340.74
2f347225-13c3-4492-882f-d6fa3debf57a,GA,30610,Davie,Royal,662.26
ccad01f3-637d-4f85-afcf-85c98350a542,NC,27717,Dechelette,Edgar,595.05
c5106627-e07b-4279-9deb-bd74cda2f79f,MD,20709,Boddymead,Tremain,379.35
63959202-9126-4cc2-b0b1-70114cf7ea48,GA,30130,Soonhouse,Wendi,826.03
c1018489-3caf-45cc-8249-c954606b2d84,IN,46857,Perl,Dodi,500.75
f60c5dd0-56c8-45b0-9e12-630031c3cdf9,IL,60604,Skeat,Francyne,842.99
bc651e3f-35d3-4ead-8165-359cc5b1963e,LA,70129,Pittam,Sandy,695.28
5e233437-177b-4e14-8c09-9ffdb56029db,DC,20244,Hauck,Tildie,446.23
da606a4b-3f59-4be5-bf2b-ba2df87461e9,TX,75367,Crichten,Luz,111.61
c83adcc2-60fb-4963-a814-3c3d978455b4,TX,77844,Abeles,Korella,733.69
a56baad5-ffeb-4d45-8e86-ca08dbeb0f72,FL,34210,Prophet,Jose,619.64
060ee20e-166f-49c4-8d06-97e941a9d34e,SD,57188,Culter,Jerrold,246.85
43517525-fb2b-4366-840b-7736427a2e76,LA,71208,Perin,Fitzgerald,363.39
